Edition *,1990-91,,,1991-92,,,1992-93,,,1993-94,,,1994-95,,,1995-96,,,1996-97,,,1997-98,,,1998-99,,,1999-2000,,,2000-01,,,2001-02,,,2003,,,2004,,,2005,,,2006,,,2007,,,2008,,,2009,,,2010,,,2011,,,2012,,,2013,,,2014,,,2015,,
Year(s) covered,,1990,,,1991,,,1992,,,1993,,,1994,,,1995,,,1996,,,1997,,,1998,,,1999,,,2000,,,2001,,,2002,,,2003,,,2004,,,2005,,,2006,,,2007,,,2008,,,2009,,,2010,,,2011,,,2012,,,2013,,,2014,
,PR,CL ,Status,PR,CL ,Status,PR,CL ,Status,PR,CL ,Status,PR,CL ,Status,PR,CL ,Status,PR,CL ,Status,PR,CL ,Status,PR,CL ,Status,PR,CL ,Status,PR,CL ,Status,PR,CL ,Status,PR,CL ,Status,PR,CL ,Status,PR,CL ,Status,PR,CL ,Status,PR,CL ,Status,PR,CL ,Status,PR,CL ,Status,PR,CL,Status,PR,CL,Status,PR,CL,Status,PR,CL,Status,PR,CL,Status,PR,CL,Status
Afghanistan,7,7,NF,7,7,NF,6,6,NF,7,7,NF,7,7,NF,7,7,NF,7,7,NF,7,7,NF,7,7,NF,7,7,NF,7,7,NF,7,7,NF,6,6,NF,6,6,NF,5,6,NF,5,5,PF,5,5,PF,5,5,PF,5,6,NF,6,6,NF,6,6,NF,6,6,NF,6,6,NF,6,6,NF,6,6,NF
Albania,7,6,NF,4,4,PF,4,3,PF,2,4,PF,3,4,PF,3,4,PF,4,4,PF,4,4,PF,4,5,PF,4,5,PF,4,5,PF,3,4,PF,3,3,PF,3,3,PF,3,3,PF,3,3,PF,3,3,PF,3,3,PF,3,3,PF,3,3,PF,3,3,PF,3,3,PF,3,3,PF,3,3,PF,3,3,PF
Algeria,4,4,PF,4,4,PF,7,6,NF,7,6,NF,7,7,NF,6,6,NF,6,6,NF,6,6,NF,6,5,NF,6,5,NF,6,5,NF,6,5,NF,6,5,NF,6,5,NF,6,5,NF,6,5,NF,6,5,NF,6,5,NF,6,5,NF,6,5,NF,6,5,NF,6,5,NF,6,5,NF,6,5,NF,6,5,NF
Andorra,..,..,..,..,..,..,..,..,..,2,1,F,1,1,F,1,1,F,1,1,F,1,1,F,1,1,F,1,1,F,1,1,F,1,1,F,1,1,F,1,1,F,1,1,F,1,1,F,1,1,F,1,1,F,1,1,F,1,1,F,1,1,F,1,1,F,1,1,F,1,1,F,1,1,F
Angola,7,7,NF,6,4,PF,6,6,NF,7,7,NF,7,7,NF,6,6,NF,6,6,NF,6,6,NF,6,6,NF,6,6,NF,6,6,NF,6,6,NF,6,5,NF,6,5,NF,6,5,NF,6,5,NF,6,5,NF,6,5,NF,6,5,NF,6,5,NF,6,5,NF,6,5,NF,6,5,NF,6,5,NF,6,5,NF
Antigua & Barbuda,3,2,F,3,3,PF,3,3,PF,4,3,PF,4,3,PF,4,3,PF,4,3,PF,4,3,PF,4,3,PF,4,3,PF,4,2,PF,4,2,PF,4,2,PF,4,2,PF,2,2,F,2,2,F,2,2,F,2,2,F,2,2,F,3,2,F,3,2,F,3,2,F,2,2,F,2,2,F,2,2,F
Argentina,1,3,F,1,3,F,2,3,F,2,3,F,2,3,F,2,3,F,2,3,F,2,3,F,3,3,F,2,3,F,1,2,F,3,3,PF,3,3,PF,2,2,F,2,2,F,2,2,F,2,2,F,2,2,F,2,2,F,2,2,F,2,2,F,2,2,F,2,2,F,2,2,F,2,2,F
Armenia,..,..,..,5,5,PF,4,3,PF,3,4,PF,3,4,PF,4,4,PF,5,4,PF,5,4,PF,4,4,PF,4,4,PF,4,4,PF,4,4,PF,4,4,PF,4,4,PF,5,4,PF,5,4,PF,5,4,PF,5,4,PF,6,4,PF,6,4,PF,6,4,PF,6,4,PF,5,4,PF,5,4,PF,5,4,PF
Australia,1,1,F,1,1,F,1,1,F,1,1,F,1,1,F,1,1,F,1,1,F,1,1,F,1,1,F,1,1,F,1,1,F,1,1,F,1,1,F,1,1,F,1,1,F,1,1,F,1,1,F,1,1,F,1,1,F,1,1,F,1,1,F,1,1,F,1,1,F,1,1,F,1,1,F
Austria,1,1,F,1,1,F,1,1,F,1,1,F,1,1,F,1,1,F,1,1,F,1,1,F,1,1,F,1,1,F,1,1,F,1,1,F,1,1,F,1,1,F,1,1,F,1,1,F,1,1,F,1,1,F,1,1,F,1,1,F,1,1,F,1,1,F,1,1,F,1,1,F,1,1,F
Azerbaijan,..,..,..,5,5,PF,5,5,PF,6,6,NF,6,6,NF,6,6,NF,6,5,NF,6,4,PF,6,4,PF,6,4,PF,6,5,PF,6,5,PF,6,5,PF,6,5,NF,6,5,NF,6,5,NF,6,5,NF,6,5,NF,6,5,NF,6,5,NF,6,5,NF,6,5,NF,6,5,NF,6,6,NF,6,6,NF
Bahamas,2,3,F,2,3,F,1,2,F,1,2,F,1,2,F,1,2,F,1,2,F,1,2,F,1,2,F,1,1,F,1,1,F,1,1,F,1,1,F,1,1,F,1,1,F,1,1,F,1,1,F,1,1,F,1,1,F,1,1,F,1,1,F,1,1,F,1,1,F,1,1,F,1,1,F
Bahrain,6,5,PF,6,5,PF,6,5,PF,6,6,NF,6,6,NF,6,6,NF,7,6,NF,7,6,NF,7,6,NF,7,6,NF,7,6,NF,6,5,NF,5,5,PF,5,5,PF,5,5,PF,5,5,PF,5,5,PF,5,5,PF,5,5,PF,6,5,NF,6,5,NF,6,6,NF,6,6,NF,6,6,NF,7,6,NF
Bangladesh,5,5,PF,2,3,F,2,3,F,2,4,PF,2,4,PF,3,4,PF,2,4,PF,2,4,PF,2,4,PF,3,4,PF,3,4,PF,3,4,PF,4,4,PF,4,4,PF,4,4,PF,4,4,PF,4,4,PF,5,4,PF,4,4,PF,3,4,PF,3,4,PF,3,4,PF,3,4,PF,3,4,PF,4,4,PF
Barbados,1,1,F,1,1,F,1,1,F,1,1,F,1,1,F,1,1,F,1,1,F,1,1,F,1,1,F,1,1,F,1,1,F,1,1,F,1,1,F,1,1,F,1,1,F,1,1,F,1,1,F,1,1,F,1,1,F,1,1,F,1,1,F,1,1,F,1,1,F,1,1,F,1,1,F
Belarus,..,..,..,4,4,PF,4,3,PF,5,4,PF,4,4,PF,5,5,PF,6,6,NF,6,6,NF,6,6,NF,6,6,NF,6,6,NF,6,6,NF,6,6,NF,6,6,NF,7,6,NF,7,6,NF,7,6,NF,7,6,NF,7,6,NF,7,6,NF,7,6,NF,7,6,NF,7,6,NF,7,6,NF,7,6,NF
Belgium,1,1,F,1,1,F,1,1,F,1,1,F,1,1,F,1,1,F,1,2,F,1,2,F,1,2,F,1,2,F,1,2,F,1,2,F,1,1,F,1,1,F,1,1,F,1,1,F,1,1,F,1,1,F,1,1,F,1,1,F,1,1,F,1,1,F,1,1,F,1,1,F,1,1,F
Belize,1,2,F,1,1,F,1,1,F,1,1,F,1,1,F,1,1,F,1,1,F,1,1,F,1,1,F,1,1,F,1,1,F,1,2,F,1,2,F,1,2,F,1,2,F,1,2,F,1,2,F,1,2,F,1,2,F,1,2,F,1,2,F,1,2,F,1,2,F,1,2,F,1,2,F
Benin,6,4,PF,2,3,F,2,3,F,2,3,F,2,3,F,2,2,F,2,2,F,2,2,F,2,2,F,2,3,F,2,2,F,3,2,F,3,2,F,2,2,F,2,2,F,2,2,F,2,2,F,2,2,F,2,2,F,2,2,F,2,2,F,2,2,F,2,2,F,2,2,F,2,2,F
Bhutan,6,5,PF,6,5,PF,7,6,NF,7,7,NF,7,7,NF,7,7,NF,7,7,NF,7,7,NF,7,6,NF,7,6,NF,7,6,NF,7,6,NF,6,5,NF,6,5,NF,6,5,NF,6,5,NF,6,5,NF,6,5,NF,4,5,PF,4,5,PF,4,5,PF,4,5,PF,4,5,PF,3,4,PF,3,4,PF
Bolivia,2,3,F,2,3,F,2,3,F,2,3,F,2,3,F,2,4,PF,2,3,F,1,3,F,1,3,F,1,3,F,1,3,F,1,3,F,2,3,F,3,3,PF,3,3,PF,3,3,PF,3,3,PF,3,3,PF,3,3,PF,3,3,PF,3,3,PF,3,3,PF,3,3,PF,3,3,PF,3,3,PF
Bosnia-Herzegovina,..,..,..,..,..,..,6,6,NF,6,6,NF,6,6,NF,6,6,NF,5,5,PF,5,5,PF,5,5,PF,5,5,PF,5,4,PF,5,4,PF,4,4,PF,4,4,PF,4,3,PF,4,3,PF,3,3,PF,4,3,PF,4,3,PF,4,3,PF,4,3,PF,4,3,PF,3,3,PF,3,3,PF,4,3,PF
Botswana,1,2,F,1,2,F,1,2,F,2,3,F,2,3,F,2,2,F,2,2,F,2,2,F,2,2,F,2,2,F,2,2,F,2,2,F,2,2,F,2,2,F,2,2,F,2,2,F,2,2,F,2,2,F,2,2,F,3,2,F,3,2,F,3,2,F,3,2,F,3,2,F,3,2,F
Brazil,2,3,F,2,3,F,2,3,F,3,4,PF,2,4,PF,2,4,PF,2,4,PF,3,4,PF,3,4,PF,3,4,PF,3,3,PF,3,3,PF,2,3,F,2,3,F,2,3,F,2,2,F,2,2,F,2,2,F,2,2,F,2,2,F,2,2,F,2,2,F,2,2,F,2,2,F,2,2,F
Brunei,6,5,NF,6,5,NF,7,6,NF,7,6,NF,7,6,NF,7,5,NF,7,5,NF,7,5,NF,7,5,NF,7,5,NF,7,5,NF,7,5,NF,6,5,NF,6,5,NF,6,5,NF,6,5,NF,6,5,NF,6,5,NF,6,5,NF,6,5,NF,6,5,NF,6,5,NF,6,5,NF,6,5,NF,6,5,NF
Bulgaria,3,4,PF,2,3,F,2,3,F,2,2,F,2,2,F,2,2,F,2,3,F,2,3,F,2,3,F,2,3,F,2,3,F,1,3,F,1,2,F,1,2,F,1,2,F,1,2,F,1,2,F,1,2,F,2,2,F,2,2,F,2,2,F,2,2,F,2,2,F,2,2,F,2,2,F
Burkina Faso,6,5,NF,6,5,NF,5,5,PF,5,4,PF,5,4,PF,5,4,PF,5,4,PF,5,4,PF,5,4,PF,4,4,PF,4,4,PF,4,4,PF,4,4,PF,4,4,PF,5,4,PF,5,3,PF,5,3,PF,5,3,PF,5,3,PF,5,3,PF,5,3,PF,5,3,PF,5,3,PF,5,3,PF,6,3,PF
Burma,7,7,NF,7,7,NF,7,7,NF,7,7,NF,7,7,NF,7,7,NF,7,7,NF,7,7,NF,7,7,NF,7,7,NF,7,7,NF,7,7,NF,7,7,NF,7,7,NF,7,7,NF,7,7,NF,7,7,NF,7,7,NF,7,7,NF,7,7,NF,7,7,NF,7,6,NF,6,5,NF,6,5,NF,6,6,NF
Burundi,7,6,NF,7,6,NF,6,5,PF,7,7,NF,6,7,NF,6,7,NF,7,7,NF,7,7,NF,7,6,NF,6,6,NF,6,6,NF,6,6,NF,6,5,NF,5,5,PF,5,5,PF,3,5,PF,4,5,PF,4,5,PF,4,5,PF,4,5,PF,5,5,PF,5,5,PF,5,5,PF,5,5,PF,6,5,NF
Cambodia,7,7,NF,6,6,NF,6,6,NF,4,5,PF,4,5,PF,6,6,NF,6,6,NF,7,6,NF,6,6,NF,6,6,NF,6,6,NF,6,5,NF,6,5,NF,6,5,NF,6,5,NF,6,5,NF,6,5,NF,6,5,NF,6,5,NF,6,5,NF,6,5,NF,6,5,NF,6,5,NF,6,5,NF,6,5,NF
Cameroon,6,6,NF,6,6,NF,6,5,NF,6,5,NF,6,5,NF,7,5,NF,7,5,NF,7,5,NF,7,5,NF,7,6,NF,7,6,NF,6,6,NF,6,6,NF,6,6,NF,6,6,NF,6,6,NF,6,6,NF,6,6,NF,6,6,NF,6,6,NF,6,6,NF,6,6,NF,6,6,NF,6,6,NF,6,6,NF
Canada,1,1,F,1,1,F,1,1,F,1,1,F,1,1,F,1,1,F,1,1,F,1,1,F,1,1,F,1,1,F,1,1,F,1,1,F,1,1,F,1,1,F,1,1,F,1,1,F,1,1,F,1,1,F,1,1,F,1,1,F,1,1,F,1,1,F,1,1,F,1,1,F,1,1,F
Cape Verde,5,5,PF,2,3,F,1,2,F,1,2,F,1,2,F,1,2,F,1,2,F,1,2,F,1,2,F,1,2,F,1,2,F,1,2,F,1,2,F,1,1,F,1,1,F,1,1,F,1,1,F,1,1,F,1,1,F,1,1,F,1,1,F,1,1,F,1,1,F,1,1,F,1,1,F
Central African Republic,6,5,NF,6,5,PF,6,5,PF,3,4,PF,3,4,PF,3,4,PF,3,5,PF,3,5,PF,3,4,PF,3,4,PF,3,4,PF,5,5,PF,5,5,PF,7,5,NF,6,5,NF,5,4,PF,5,4,PF,5,5,PF,5,5,PF,5,5,PF,5,5,PF,5,5,PF,5,5,PF,7,7,NF,7,7,NF
Chad,7,6,NF,6,6,NF,6,6,NF,6,5,NF,6,5,NF,6,5,NF,6,5,NF,6,5,NF,6,4,NF,6,5,NF,6,5,NF,6,5,NF,6,5,NF,6,5,NF,6,5,NF,6,5,NF,6,6,NF,7,6,NF,7,6,NF,7,6,NF,7,6,NF,7,6,NF,7,6,NF,7,6,NF,7,6,NF
Chile,2,2,F,2,2,F,2,2,F,2,2,F,2,2,F,2,2,F,2,2,F,2,2,F,3,2,F,2,2,F,2,2,F,2,2,F,2,1,F,1,1,F,1,1,F,1,1,F,1,1,F,1,1,F,1,1,F,1,1,F,1,1,F,1,1,F,1,1,F,1,1,F,1,1,F
China,7,7,NF,7,7,NF,7,7,NF,7,7,NF,7,7,NF,7,7,NF,7,7,NF,7,7,NF,7,6,NF,7,6,NF,7,6,NF,7,6,NF,7,6,NF,7,6,NF,7,6,NF,7,6,NF,7,6,NF,7,6,NF,7,6,NF,7,6,NF,7,6,NF,7,6,NF,7,6,NF,7,6,NF,7,6,NF
Colombia,3,4,PF,2,4,PF,2,4,PF,2,4,PF,3,4,PF,4,4,PF,4,4,PF,4,4,PF,3,4,PF,4,4,PF,4,4,PF,4,4,PF,4,4,PF,4,4,PF,4,4,PF,3,3,PF,3,3,PF,3,3,PF,3,4,PF,3,4,PF,3,4,PF,3,4,PF,3,4,PF,3,4,PF,3,4,PF
Comoros,5,5,PF,4,3,PF,4,2,PF,4,4,PF,4,4,PF,4,4,PF,4,4,PF,5,4,PF,5,4,PF,6,4,PF,6,4,PF,6,4,PF,5,4,PF,5,4,PF,4,4,PF,4,4,PF,3,4,PF,4,4,PF,3,4,PF,3,4,PF,3,4,PF,3,4,PF,3,4,PF,3,4,PF,3,4,PF
Congo (Brazzaville),6,6,NF,6,4,PF,3,3,PF,3,3,PF,4,4,PF,4,4,PF,4,4,PF,7,5,NF,7,5,NF,6,5,NF,6,4,PF,5,4,PF,6,4,PF,5,4,PF,5,4,PF,5,5,PF,6,5,NF,6,5,NF,6,5,NF,6,5,NF,6,5,NF,6,5,NF,6,5,NF,6,5,NF,6,5,NF
Congo (Kinshasa),6,6,NF,6,5,NF,6,5,NF,7,6,NF,7,6,NF,7,6,NF,7,6,NF,7,6,NF,7,6,NF,7,6,NF,7,6,NF,6,6,NF,6,6,NF,6,6,NF,6,6,NF,6,6,NF,5,6,NF,5,6,NF,6,6,NF,6,6,NF,6,6,NF,6,6,NF,6,6,NF,6,6,NF,6,6,NF
Costa Rica,1,1,F,1,1,F,1,1,F,1,2,F,1,2,F,1,2,F,1,2,F,1,2,F,1,2,F,1,2,F,1,2,F,1,2,F,1,2,F,1,2,F,1,1,F,1,1,F,1,1,F,1,1,F,1,1,F,1,1,F,1,1,F,1,1,F,1,1,F,1,1,F,1,1,F
Cote d'Ivoire,6,4,PF,6,4,PF,6,4,PF,6,5,NF,6,5,NF,6,5,NF,6,5,NF,6,4,NF,6,4,NF,6,5,PF,6,5,PF,5,4,PF,6,6,NF,6,5,NF,6,6,NF,6,6,NF,7,6,NF,7,5,NF,6,5,NF,6,5,NF,7,6,NF,6,6,NF,5,5,PF,5,4,PF,5,4,PF
Croatia,..,..,..,3,4,PF,4,4,PF,4,4,PF,4,4,PF,4,4,PF,4,4,PF,4,4,PF,4,4,PF,4,4,PF,2,3,F,2,2,F,2,2,F,2,2,F,2,2,F,2,2,F,2,2,F,2,2,F,2,2,F,1,2,F,1,2,F,1,2,F,1,2,F,1,2,F,1,2,F
Cuba,7,7,NF,7,7,NF,7,7,NF,7,7,NF,7,7,NF,7,7,NF,7,7,NF,7,7,NF,7,7,NF,7,7,NF,7,7,NF,7,7,NF,7,7,NF,7,7,NF,7,7,NF,7,7,NF,7,7,NF,7,7,NF,7,6,NF,7,6,NF,7,6,NF,7,6,NF,7,6,NF,7,6,NF,7,6,NF
Cyprus,1,1,F,1,1,F,1,1,F,1,1,F,1,1,F,1,1,F,1,1,F,1,1,F,1,1,F,1,1,F,1,1,F,1,1,F,1,1,F,1,1,F,1,1,F,1,1,F,1,1,F,1,1,F,1,1,F,1,1,F,1,1,F,1,1,F,1,1,F,1,1,F,1,1,F
Czech Republic,..,..,..,..,..,..,..,..,..,1,2,F,1,2,F,1,2,F,1,2,F,1,2,F,1,2,F,1,2,F,1,2,F,1,2,F,1,2,F,1,2,F,1,1,F,1,1,F,1,1,F,1,1,F,1,1,F,1,1,F,1,1,F,1,1,F,1,1,F,1,1,F,1,1,F
Czechoslovakia,2,2,F,2,2,F,2,2,F,..,..,..,..,..,..,..,..,..,..,..,..,..,..,..,..,..,..,..,..,..,..,..,..,..,..,..,..,..,..,..,..,..,..,..,..,..,..,..,..,..,..,..,..,..,..,..,..,..,..,..,..,..,..,..,..,..,..,..,..,..,..,..,..,..,..
Denmark,1,1,F,1,1,F,1,1,F,1,1,F,1,1,F,1,1,F,1,1,F,1,1,F,1,1,F,1,1,F,1,1,F,1,1,F,1,1,F,1,1,F,1,1,F,1,1,F,1,1,F,1,1,F,1,1,F,1,1,F,1,1,F,1,1,F,1,1,F,1,1,F,1,1,F
Djibouti,6,5,NF,6,5,NF,6,6,NF,6,6,NF,6,6,NF,5,6,NF,5,6,NF,5,6,NF,5,6,NF,4,6,PF,4,5,PF,4,5,PF,4,5,PF,5,5,PF,5,5,PF,5,5,PF,5,5,PF,5,5,PF,5,5,PF,5,5,PF,6,5,NF,6,5,NF,6,5,NF,6,5,NF,6,5,NF
Dominica,2,1,F,2,1,F,2,1,F,2,1,F,2,1,F,1,1,F,1,1,F,1,1,F,1,1,F,1,1,F,1,1,F,1,1,F,1,1,F,1,1,F,1,1,F,1,1,F,1,1,F,1,1,F,1,1,F,1,1,F,1,1,F,1,1,F,1,1,F,1,1,F,1,1,F
Dominican Republic,2,3,F,2,3,F,2,3,F,3,3,PF,4,3,PF,4,3,PF,3,3,PF,3,3,PF,2,3,F,2,3,F,2,2,F,2,2,F,2,2,F,3,2,F,2,2,F,2,2,F,2,2,F,2,2,F,2,2,F,2,2,F,2,2,F,2,2,F,2,2,F,2,3,F,2,3,F
East Timor,..,..,..,..,..,..,..,..,..,..,..,..,..,..,..,..,..,..,..,..,..,..,..,..,..,..,..,6,4,PF,6,3,PF,5,3,PF,3,3,PF,3,3,PF,3,3,PF,3,3,PF,3,4,PF,3,4,PF,3,4,PF,3,4,PF,3,4,PF,3,4,PF,3,4,PF,3,4,PF,3,3,PF
Ecuador,2,2,F,2,3,F,2,3,F,2,3,F,2,3,F,2,3,F,2,4,PF,3,3,PF,2,3,F,2,3,F,3,3,PF,3,3,PF,3,3,PF,3,3,PF,3,3,PF,3,3,PF,3,3,PF,3,3,PF,3,3,PF,3,3,PF,3,3,PF,3,3,PF,3,3,PF,3,3,PF,3,3,PF
Egypt,5,4,PF,5,5,PF,5,6,PF,6,6,NF,6,6,NF,6,6,NF,6,6,NF,6,6,NF,6,6,NF,6,5,NF,6,5,NF,6,6,NF,6,6,NF,6,6,NF,6,5,NF,6,5,NF,6,5,NF,6,5,NF,6,5,NF,6,5,NF,6,5,NF,6,5,NF,5,5,PF,6,5,NF,6,5,NF
El Salvador,3,4,PF,3,4,PF,3,3,PF,3,3,PF,3,3,PF,3,3,PF,3,3,PF,2,3,F,2,3,F,2,3,F,2,3,F,2,3,F,2,3,F,2,3,F,2,3,F,2,3,F,2,3,F,2,3,F,2,3,F,2,3,F,2,3,F,2,3,F,2,3,F,2,3,F,2,3,F
Equatorial Guinea,7,7,NF,7,7,NF,7,6,NF,7,7,NF,7,7,NF,7,7,NF,7,7,NF,7,7,NF,7,7,NF,7,7,NF,7,7,NF,6,6,NF,7,6,NF,7,6,NF,7,6,NF,7,6,NF,7,6,NF,7,6,NF,7,7,NF,7,7,NF,7,7,NF,7,7,NF,7,7,NF,7,7,NF,7,7,NF
Eritrea,..,..,..,..,..,..,..,..,..,6,5,NF,6,5,NF,6,4,PF,6,4,PF,6,4,PF,6,4,PF,7,5,NF,7,5,NF,7,6,NF,7,6,NF,7,6,NF,7,6,NF,7,6,NF,7,6,NF,7,6,NF,7,6,NF,7,7,NF,7,7,NF,7,7,NF,7,7,NF,7,7,NF,7,7,NF
Estonia,..,..,..,2,3,F,3,3,PF,3,2,F,3,2,F,2,2,F,1,2,F,1,2,F,1,2,F,1,2,F,1,2,F,1,2,F,1,2,F,1,2,F,1,1,F,1,1,F,1,1,F,1,1,F,1,1,F,1,1,F,1,1,F,1,1,F,1,1,F,1,1,F,1,1,F
Ethiopia,7,7,NF,6,5,PF,6,4,PF,6,5,NF,6,5,NF,4,5,PF,4,5,PF,4,5,PF,4,4,PF,5,5,PF,5,5,PF,5,5,PF,5,5,PF,5,5,PF,5,5,PF,5,5,PF,5,5,PF,5,5,PF,5,5,PF,5,5,PF,6,6,NF,6,6,NF,6,6,NF,6,6,NF,6,6,NF
Fiji,6,4,PF,6,4,PF,4,3,PF,4,3,PF,4,3,PF,4,3,PF,4,3,PF,4,3,PF,4,3,PF,2,3,F,6,3,PF,4,3,PF,4,3,PF,4,3,PF,4,3,PF,4,3,PF,6,4,PF,6,4,PF,6,4,PF,6,4,PF,6,4,PF,6,4,PF,6,4,PF,6,4,PF,3,4,PF
Finland,1,1,F,1,1,F,1,1,F,1,1,F,1,1,F,1,1,F,1,1,F,1,1,F,1,1,F,1,1,F,1,1,F,1,1,F,1,1,F,1,1,F,1,1,F,1,1,F,1,1,F,1,1,F,1,1,F,1,1,F,1,1,F,1,1,F,1,1,F,1,1,F,1,1,F
France,1,2,F,1,2,F,1,2,F,1,2,F,1,2,F,1,2,F,1,2,F,1,2,F,1,2,F,1,2,F,1,2,F,1,2,F,1,1,F,1,1,F,1,1,F,1,1,F,1,1,F,1,1,F,1,1,F,1,1,F,1,1,F,1,1,F,1,1,F,1,1,F,1,1,F
Gabon,4,4,PF,4,3,PF,4,4,PF,5,4,PF,5,4,PF,5,4,PF,5,4,PF,5,4,PF,5,4,PF,5,4,PF,5,4,PF,5,4,PF,5,4,PF,5,4,PF,5,4,PF,6,4,PF,6,4,PF,6,4,PF,6,4,PF,6,5,NF,6,5,NF,6,5,NF,6,5,NF,6,5,NF,6,5,NF
"Gambia, The",2,2,F,2,2,F,1,2,F,2,2,F,7,6,NF,7,6,NF,7,6,NF,7,6,NF,7,5,NF,7,5,NF,7,5,NF,5,5,PF,4,4,PF,4,4,PF,4,4,PF,5,4,PF,5,4,PF,5,4,PF,5,4,PF,5,5,PF,5,5,PF,6,5,NF,6,6,NF,6,6,NF,6,6,NF
Georgia,..,..,..,6,5,NF,4,5,PF,5,5,PF,5,5,PF,4,5,PF,4,4,PF,3,4,PF,3,4,PF,3,4,PF,4,4,PF,4,4,PF,4,4,PF,4,4,PF,3,4,PF,3,3,PF,3,3,PF,4,4,PF,4,4,PF,4,4,PF,4,3,PF,4,3,PF,3,3,PF,3,3,PF,3,3,PF
Germany,1,2,F,1,2,F,1,2,F,1,2,F,1,2,F,1,2,F,1,2,F,1,2,F,1,2,F,1,2,F,1,2,F,1,2,F,1,1,F,1,1,F,1,1,F,1,1,F,1,1,F,1,1,F,1,1,F,1,1,F,1,1,F,1,1,F,1,1,F,1,1,F,1,1,F
"Germany, E. ",..,..,..,..,..,..,..,..,..,..,..,..,..,..,..,..,..,..,..,..,..,..,..,..,..,..,..,..,..,..,..,..,..,..,..,..,..,..,..,..,..,..,..,..,..,..,..,..,..,..,..,..,..,..,..,..,..,..,..,..,..,..,..,..,..,..,..,..,..,..,..,..,..,..,..
"Germany, W. ",..,..,..,..,..,..,..,..,..,..,..,..,..,..,..,..,..,..,..,..,..,..,..,..,..,..,..,..,..,..,..,..,..,..,..,..,..,..,..,..,..,..,..,..,..,..,..,..,..,..,..,..,..,..,..,..,..,..,..,..,..,..,..,..,..,..,..,..,..,..,..,..,..,..,..
Ghana,6,5,NF,6,6,NF,5,5,PF,5,4,PF,5,4,PF,4,4,PF,3,4,PF,3,3,PF,3,3,PF,3,3,PF,2,3,F,2,3,F,2,3,F,2,2,F,2,2,F,1,2,F,1,2,F,1,2,F,1,2,F,1,2,F,1,2,F,1,2,F,1,2,F,1,2,F,1,2,F
Greece,1,2,F,1,2,F,1,2,F,1,3,F,1,3,F,1,3,F,1,3,F,1,3,F,1,3,F,1,3,F,1,3,F,1,3,F,1,2,F,1,2,F,1,2,F,1,2,F,1,2,F,1,2,F,1,2,F,1,2,F,1,2,F,2,2,F,2,2,F,2,2,F,2,2,F
Grenada,2,2,F,1,2,F,1,2,F,1,2,F,1,2,F,1,2,F,1,2,F,1,2,F,1,2,F,1,2,F,1,2,F,1,2,F,1,2,F,1,2,F,1,2,F,1,2,F,1,2,F,1,2,F,1,2,F,1,2,F,1,2,F,1,2,F,1,2,F,1,2,F,1,2,F
Guatemala,3,4,PF,3,5,PF,4,5,PF,4,5,PF,4,5,PF,4,5,PF,3,4,PF,3,4,PF,3,4,PF,3,4,PF,3,4,PF,3,4,PF,4,4,PF,4,4,PF,4,4,PF,4,4,PF,3,4,PF,3,4,PF,3,4,PF,4,4,PF,4,4,PF,3,4,PF,3,4,PF,3,4,PF,3,4,PF
Guinea,6,5,NF,6,5,NF,6,5,PF,6,5,NF,6,5,NF,6,5,NF,6,5,NF,6,5,NF,6,5,NF,6,5,NF,6,5,NF,6,5,NF,6,5,NF,6,5,NF,6,5,NF,6,5,NF,6,5,NF,6,5,NF,7,5,NF,7,6,NF,5,5,PF,5,5,PF,5,5,PF,5,5,PF,5,5,PF
Guinea-Bissau,6,5,NF,6,5,PF,6,5,PF,6,5,PF,3,4,PF,3,4,PF,3,4,PF,3,4,PF,3,5,PF,3,5,PF,4,5,PF,4,5,PF,4,5,PF,6,4,PF,4,4,PF,3,4,PF,4,4,PF,4,4,PF,4,4,PF,4,4,PF,4,4,PF,4,4,PF,6,5,NF,6,5,NF,5,5,PF
Guyana,5,4,PF,5,4,PF,3,3,PF,2,2,F,2,2,F,2,2,F,2,2,F,2,2,F,2,2,F,2,2,F,2,2,F,2,2,F,2,2,F,2,2,F,2,2,F,3,3,PF,2,3,F,2,3,F,2,3,F,2,3,F,2,3,F,2,3,F,2,3,F,2,3,F,2,3,F
Haiti,4,4,PF,7,7,NF,7,7,NF,7,7,NF,5,5,PF,5,5,PF,4,5,PF,4,5,PF,5,5,PF,5,5,PF,6,5,NF,6,6,NF,6,6,NF,6,6,NF,7,6,NF,7,6,NF,4,5,PF,4,5,PF,4,5,PF,4,5,PF,4,5,PF,4,5,PF,4,5,PF,4,5,PF,5,5,PF
Honduras,2,3,F,2,3,F,2,3,F,3,3,PF,3,3,PF,3,3,PF,3,3,PF,2,3,F,2,3,F,3,3,PF,3,3,PF,3,3,PF,3,3,PF,3,3,PF,3,3,PF,3,3,PF,3,3,PF,3,3,PF,3,3,PF,4,4,PF,4,4,PF,4,4,PF,4,4,PF,4,4,PF,4,4,PF
Hungary,2,2,F,2,2,F,2,2,F,1,2,F,1,2,F,1,2,F,1,2,F,1,2,F,1,2,F,1,2,F,1,2,F,1,2,F,1,2,F,1,2,F,1,1,F,1,1,F,1,1,F,1,1,F,1,1,F,1,1,F,1,1,F,1,2,F,1,2,F,1,2,F,2,2,F
Iceland,1,1,F,1,1,F,1,1,F,1,1,F,1,1,F,1,1,F,1,1,F,1,1,F,1,1,F,1,1,F,1,1,F,1,1,F,1,1,F,1,1,F,1,1,F,1,1,F,1,1,F,1,1,F,1,1,F,1,1,F,1,1,F,1,1,F,1,1,F,1,1,F,1,1,F
India,2,3,F,3,4,PF,3,4,PF,4,4,PF,4,4,PF,4,4,PF,2,4,PF,2,4,PF,2,3,F,2,3,F,2,3,F,2,3,F,2,3,F,2,3,F,2,3,F,2,3,F,2,3,F,2,3,F,2,3,F,2,3,F,2,3,F,2,3,F,2,3,F,2,3,F,2,3,F
Indonesia,6,5,PF,6,5,PF,6,5,PF,7,6,NF,7,6,NF,7,6,NF,7,5,NF,7,5,NF,6,4,PF,4,4,PF,3,4,PF,3,4,PF,3,4,PF,3,4,PF,3,4,PF,2,3,F,2,3,F,2,3,F,2,3,F,2,3,F,2,3,F,2,3,F,2,3,F,2,4,PF,2,4,PF
Iran,6,5,NF,6,5,NF,6,6,NF,6,7,NF,6,7,NF,6,7,NF,6,7,NF,6,7,NF,6,6,NF,6,6,NF,6,6,NF,6,6,NF,6,6,NF,6,6,NF,6,6,NF,6,6,NF,6,6,NF,6,6,NF,6,6,NF,6,6,NF,6,6,NF,6,6,NF,6,6,NF,6,6,NF,6,6,NF
Iraq,7,7,NF,7,7,NF,7,7,NF,7,7,NF,7,7,NF,7,7,NF,7,7,NF,7,7,NF,7,7,NF,7,7,NF,7,7,NF,7,7,NF,7,7,NF,7,5,NF,7,5,NF,6,5,NF,6,6,NF,6,6,NF,6,6,NF,5,6,NF,5,6,NF,5,6,NF,6,6,NF,5,6,NF,6,6,NF
Ireland,1,1,F,1,1,F,1,1,F,1,2,F,1,2,F,1,1,F,1,1,F,1,1,F,1,1,F,1,1,F,1,1,F,1,1,F,1,1,F,1,1,F,1,1,F,1,1,F,1,1,F,1,1,F,1,1,F,1,1,F,1,1,F,1,1,F,1,1,F,1,1,F,1,1,F
Israel,2,2,F,2,2,F,2,2,F,1,3,F,1,3,F,1,3,F,1,3,F,1,3,F,1,3,F,1,2,F,1,3,F,1,3,F,1,3,F,1,3,F,1,3,F,1,2,F,1,2,F,1,2,F,1,2,F,1,2,F,1,2,F,1,2,F,1,2,F,1,2,F,1,2,F
Italy,1,1,F,1,1,F,1,2,F,1,3,F,1,2,F,1,2,F,1,2,F,1,2,F,1,2,F,1,2,F,1,2,F,1,2,F,1,1,F,1,1,F,1,1,F,1,1,F,1,1,F,1,1,F,1,2,F,1,2,F,1,2,F,1,1,F,2,1,F,1,1,F,1,1,F
Jamaica,2,2,F,2,2,F,2,2,F,2,3,F,2,3,F,2,3,F,2,3,F,2,3,F,2,2,F,2,2,F,2,2,F,2,3,F,2,3,F,2,3,F,2,3,F,2,3,F,2,3,F,2,3,F,2,3,F,2,3,F,2,3,F,2,3,F,2,3,F,2,3,F,2,3,F
Japan,1,1,F,1,2,F,1,2,F,2,2,F,2,2,F,1,2,F,1,2,F,1,2,F,1,2,F,1,2,F,1,2,F,1,2,F,1,2,F,1,2,F,1,2,F,1,2,F,1,2,F,1,2,F,1,2,F,1,2,F,1,2,F,1,2,F,1,2,F,1,1,F,1,1,F
Jordan,5,5,PF,4,4,PF,3,3,PF,4,4,PF,4,4,PF,4,4,PF,4,4,PF,4,4,PF,4,5,PF,4,4,PF,4,4,PF,5,5,PF,6,5,PF,5,5,PF,5,4,PF,5,4,PF,5,4,PF,5,4,PF,5,5,PF,6,5,NF,6,5,NF,6,5,NF,6,5,NF,6,5,NF,6,5,NF
Kazakhstan,..,..,..,5,4,PF,5,5,PF,6,4,PF,6,5,NF,6,5,NF,6,5,NF,6,5,NF,6,5,NF,6,5,NF,6,5,NF,6,5,NF,6,5,NF,6,5,NF,6,5,NF,6,5,NF,6,5,NF,6,5,NF,6,5,NF,6,5,NF,6,5,NF,6,5,NF,6,5,NF,6,5,NF,6,5,NF
Kenya,6,6,NF,6,6,NF,4,5,PF,5,6,NF,6,6,NF,7,6,NF,7,6,NF,6,6,NF,6,5,NF,6,5,NF,6,5,NF,6,5,NF,4,4,PF,3,3,PF,3,3,PF,3,3,PF,3,3,PF,4,3,PF,4,3,PF,4,4,PF,4,3,PF,4,3,PF,4,4,PF,4,4,PF,4,4,PF
Kiribati,1,2,F,1,2,F,1,2,F,1,1,F,1,1,F,1,1,F,1,1,F,1,1,F,1,1,F,1,1,F,1,1,F,1,1,F,1,1,F,1,1,F,1,1,F,1,1,F,1,1,F,1,1,F,1,1,F,1,1,F,1,1,F,1,1,F,1,1,F,1,1,F,1,1,F
Kosovo,..,..,..,..,..,..,..,..,..,..,..,..,..,..,..,..,..,..,..,..,..,..,..,..,..,..,..,..,..,..,..,..,..,..,..,..,..,..,..,..,..,..,..,..,..,..,..,..,..,..,..,..,..,..,..,..,..,5,4,PF,5,4,PF,5,4,PF,5,4,PF,5,4,PF,4,4,PF
Kuwait,7,7,NF,6,5,NF,5,5,PF,5,5,PF,5,5,PF,5,5,PF,5,5,PF,5,5,PF,5,5,PF,4,5,PF,4,5,PF,4,5,PF,4,5,PF,4,5,PF,4,5,PF,4,5,PF,4,4,PF,4,4,PF,4,4,PF,4,4,PF,4,5,PF,4,5,PF,5,5,PF,5,5,PF,5,5,PF
Kyrgyzstan,..,..,..,5,4,PF,4,2,PF,5,3,PF,4,3,PF,4,4,PF,4,4,PF,4,4,PF,5,5,PF,5,5,PF,6,5,NF,6,5,NF,6,5,NF,6,5,NF,6,5,NF,5,4,PF,5,4,PF,5,4,PF,5,4,PF,6,5,NF,5,5,PF,5,5,PF,5,5,PF,5,5,PF,5,5,PF
Laos,6,7,NF,6,7,NF,7,6,NF,7,6,NF,7,6,NF,7,6,NF,7,6,NF,7,6,NF,7,6,NF,7,6,NF,7,6,NF,7,6,NF,7,6,NF,7,6,NF,7,6,NF,7,6,NF,7,6,NF,7,6,NF,7,6,NF,7,6,NF,7,6,NF,7,6,NF,7,6,NF,7,6,NF,7,6,NF
Latvia,..,..,..,2,3,F,3,3,PF,3,3,PF,3,2,F,2,2,F,2,2,F,1,2,F,1,2,F,1,2,F,1,2,F,1,2,F,1,2,F,1,2,F,1,2,F,1,1,F,1,1,F,2,1,F,2,1,F,2,1,F,2,2,F,2,2,F,2,2,F,2,2,F,2,2,F
Lebanon,6,5,NF,6,4,PF,5,4,PF,6,5,PF,6,5,PF,6,5,NF,6,5,NF,6,5,NF,6,5,NF,6,5,NF,6,5,NF,6,5,NF,6,5,NF,6,5,NF,6,5,NF,5,4,PF,5,4,PF,5,4,PF,5,4,PF,5,3,PF,5,3,PF,5,4,PF,5,4,PF,5,4,PF,5,4,PF
Lesotho,6,5,NF,6,4,PF,6,4,PF,3,4,PF,4,4,PF,4,4,PF,4,4,PF,4,4,PF,4,4,PF,4,4,PF,4,4,PF,4,4,PF,2,3,F,2,3,F,2,3,F,2,3,F,2,3,F,2,3,F,2,3,F,3,3,PF,3,3,PF,3,3,PF,2,3,F,2,3,F,2,3,F
Liberia,7,7,NF,7,6,NF,7,6,NF,6,6,NF,7,6,NF,7,6,NF,7,6,NF,4,5,PF,4,5,PF,4,5,PF,5,6,PF,6,6,NF,6,6,NF,6,6,NF,5,4,PF,4,4,PF,3,4,PF,3,4,PF,3,4,PF,3,4,PF,3,4,PF,3,4,PF,3,4,PF,3,4,PF,3,4,PF
Libya,7,7,NF,7,7,NF,7,7,NF,7,7,NF,7,7,NF,7,7,NF,7,7,NF,7,7,NF,7,7,NF,7,7,NF,7,7,NF,7,7,NF,7,7,NF,7,7,NF,7,7,NF,7,7,NF,7,7,NF,7,7,NF,7,7,NF,7,7,NF,7,7,NF,7,6,NF,4,5,PF,4,5,PF,6,6,NF
Liechtenstein,..,..,..,..,..,..,1,1,F,1,1,F,1,1,F,1,1,F,1,1,F,1,1,F,1,1,F,1,1,F,1,1,F,1,1,F,1,1,F,1,1,F,1,1,F,1,1,F,1,1,F,1,1,F,1,1,F,1,1,F,1,1,F,1,1,F,1,1,F,1,1,F,1,1,F
Lithuania,..,..,..,2,3,F,2,3,F,1,3,F,1,3,F,1,2,F,1,2,F,1,2,F,1,2,F,1,2,F,1,2,F,1,2,F,1,2,F,1,2,F,2,2,F,1,1,F,1,1,F,1,1,F,1,1,F,1,1,F,1,1,F,1,1,F,1,1,F,1,1,F,1,1,F
Luxembourg,1,1,F,1,1,F,1,1,F,1,1,F,1,1,F,1,1,F,1,1,F,1,1,F,1,1,F,1,1,F,1,1,F,1,1,F,1,1,F,1,1,F,1,1,F,1,1,F,1,1,F,1,1,F,1,1,F,1,1,F,1,1,F,1,1,F,1,1,F,1,1,F,1,1,F
Macedonia,..,..,..,..,..,..,3,4,PF,3,3,PF,4,3,PF,4,3,PF,4,3,PF,4,3,PF,3,3,PF,3,3,PF,4,3,PF,4,4,PF,3,3,PF,3,3,PF,3,3,PF,3,3,PF,3,3,PF,3,3,PF,3,3,PF,3,3,PF,3,3,PF,3,3,PF,3,3,PF,3,3,PF,4,3,PF
Madagascar,4,4,PF,4,4,PF,4,4,PF,2,4,PF,2,4,PF,2,4,PF,2,4,PF,2,4,PF,2,4,PF,2,4,PF,2,4,PF,2,4,PF,3,4,PF,3,3,PF,3,3,PF,3,3,PF,4,3,PF,4,3,PF,4,3,PF,6,4,PF,6,4,PF,6,4,PF,6,4,PF,5,4,PF,4,4,PF
Malawi,7,6,NF,7,6,NF,6,7,NF,6,5,NF,2,3,F,2,3,F,2,3,F,2,3,F,2,3,F,3,3,PF,3,3,PF,4,3,PF,4,4,PF,3,4,PF,4,4,PF,4,4,PF,4,3,PF,4,4,PF,4,4,PF,3,4,PF,3,4,PF,3,4,PF,3,4,PF,3,4,PF,3,4,PF
Malaysia,5,4,PF,5,4,PF,5,4,PF,4,5,PF,4,5,PF,4,5,PF,4,5,PF,4,5,PF,5,5,PF,5,5,PF,5,5,PF,5,5,PF,5,5,PF,5,4,PF,4,4,PF,4,4,PF,4,4,PF,4,4,PF,4,4,PF,4,4,PF,4,4,PF,4,4,PF,4,4,PF,4,4,PF,4,4,PF
Maldives,6,5,NF,6,5,NF,6,5,NF,6,6,NF,6,6,NF,6,6,NF,6,6,NF,6,6,NF,6,5,NF,6,5,NF,6,5,NF,6,5,NF,6,5,NF,6,5,NF,6,5,NF,6,5,NF,6,5,NF,6,5,NF,4,4,PF,3,4,PF,3,4,PF,3,4,PF,5,4,PF,4,4,PF,4,4,PF
Mali,6,5,NF,6,4,PF,2,3,F,2,3,F,2,4,PF,2,3,F,2,2,F,3,3,F,3,3,F,3,3,F,2,3,F,2,3,F,2,3,F,2,2,F,2,2,F,2,2,F,2,2,F,2,3,F,2,3,F,2,3,F,2,3,F,2,3,F,7,5,NF,5,4,PF,5,4,PF
Malta,1,1,F,1,1,F,1,1,F,1,1,F,1,1,F,1,1,F,1,1,F,1,1,F,1,1,F,1,1,F,1,1,F,1,1,F,1,1,F,1,1,F,1,1,F,1,1,F,1,1,F,1,1,F,1,1,F,1,1,F,1,1,F,1,1,F,1,1,F,1,1,F,1,1,F
Marshall Islands,..,..,..,1,1,F,1,1,F,1,1,F,1,1,F,1,1,F,1,1,F,1,1,F,1,1,F,1,1,F,1,1,F,1,1,F,1,1,F,1,1,F,1,1,F,1,1,F,1,1,F,1,1,F,1,1,F,1,1,F,1,1,F,1,1,F,1,1,F,1,1,F,1,1,F
Mauritania,7,6,NF,7,6,NF,7,6,NF,7,6,NF,7,7,NF,6,6,NF,6,6,NF,6,6,NF,6,5,NF,6,5,NF,6,5,NF,5,5,PF,5,5,PF,6,5,NF,6,5,NF,6,4,PF,5,4,PF,4,4,PF,6,5,NF,6,5,NF,6,5,NF,6,5,NF,6,5,NF,6,5,NF,6,5,NF
Mauritius,2,2,F,1,2,F,2,2,F,1,2,F,1,2,F,1,2,F,1,2,F,1,2,F,1,2,F,1,2,F,1,2,F,1,2,F,1,2,F,1,2,F,1,1,F,1,1,F,1,2,F,1,2,F,1,2,F,1,2,F,1,2,F,1,2,F,1,2,F,1,2,F,1,2,F
Mexico,4,4,PF,4,4,PF,4,3,PF,4,4,PF,4,4,PF,4,4,PF,4,3,PF,3,4,PF,3,4,PF,3,4,PF,2,3,F,2,3,F,2,2,F,2,2,F,2,2,F,2,2,F,2,3,F,2,3,F,2,3,F,2,3,F,3,3,PF,3,3,PF,3,3,PF,3,3,PF,3,3,PF
Micronesia,..,..,..,1,1,F,1,1,F,1,1,F,1,1,F,1,1,F,1,1,F,1,2,F,1,2,F,1,2,F,1,2,F,1,2,F,1,2,F,1,1,F,1,1,F,1,1,F,1,1,F,1,1,F,1,1,F,1,1,F,1,1,F,1,1,F,1,1,F,1,1,F,1,1,F
Moldova,..,..,..,5,4,PF,5,5,PF,5,5,PF,4,4,PF,4,4,PF,3,4,PF,3,4,PF,2,4,PF,2,4,PF,2,4,PF,2,4,PF,3,4,PF,3,4,PF,3,4,PF,3,4,PF,3,4,PF,3,4,PF,4,4,PF,3,4,PF,3,3,PF,3,3,PF,3,3,PF,3,3,PF,3,3,PF
Monaco,..,..,..,..,..,..,..,..,..,2,1,F,2,1,F,2,1,F,2,1,F,2,1,F,2,1,F,2,1,F,2,1,F,2,1,F,2,1,F,2,1,F,2,1,F,2,1,F,2,1,F,2,1,F,2,1,F,2,1,F,2,1,F,2,1,F,2,1,F,2,1,F,2,1,F
Mongolia,4,4,PF,2,3,F,3,2,F,2,3,F,2,3,F,2,3,F,2,3,F,2,3,F,2,3,F,2,3,F,2,3,F,2,3,F,2,2,F,2,2,F,2,2,F,2,2,F,2,2,F,2,2,F,2,2,F,2,2,F,2,2,F,2,2,F,1,2,F,1,2,F,1,2,F
Montenegro,..,..,..,..,..,..,..,..,..,..,..,..,..,..,..,..,..,..,..,..,..,..,..,..,..,..,..,..,..,..,..,..,..,..,..,..,..,..,..,..,..,..,..,..,..,..,..,..,3,3,PF,3,3,PF,3,3,PF,3,2,F,3,2,F,3,2,F,3,2,F,3,2,F,3,2,F
Morocco,4,4,PF,5,5,PF,6,5,PF,5,5,PF,5,5,PF,5,5,PF,5,5,PF,5,5,PF,5,4,PF,5,4,PF,5,4,PF,5,5,PF,5,5,PF,5,5,PF,5,4,PF,5,4,PF,5,4,PF,5,4,PF,5,4,PF,5,4,PF,5,4,PF,5,4,PF,5,4,PF,5,4,PF,5,4,PF
Mozambique,6,6,NF,6,4,PF,6,4,PF,6,5,NF,3,5,PF,3,4,PF,3,4,PF,3,4,PF,3,4,PF,3,4,PF,3,4,PF,3,4,PF,3,4,PF,3,4,PF,3,4,PF,3,4,PF,3,4,PF,3,3,PF,3,3,PF,4,3,PF,4,3,PF,4,3,PF,4,3,PF,4,3,PF,4,3,PF
Namibia,2,3,F,2,3,F,2,2,F,2,3,F,2,3,F,2,3,F,2,3,F,2,3,F,2,3,F,2,3,F,2,3,F,2,3,F,2,3,F,2,3,F,2,3,F,2,2,F,2,2,F,2,2,F,2,2,F,2,2,F,2,2,F,2,2,F,2,2,F,2,2,F,2,2,F
Nauru,1,2,F,1,2,F,1,2,F,1,3,F,1,3,F,1,3,F,1,3,F,1,3,F,1,3,F,1,3,F,1,3,F,1,3,F,1,2,F,1,1,F,1,1,F,1,1,F,1,1,F,1,1,F,1,1,F,1,1,F,1,1,F,1,1,F,1,1,F,1,1,F,1,2,F
Nepal,4,4,PF,2,3,F,2,3,F,3,4,PF,3,4,PF,3,4,PF,3,4,PF,3,4,PF,3,4,PF,3,4,PF,3,4,PF,3,4,PF,4,4,PF,5,4,PF,5,5,PF,6,5,NF,5,4,PF,5,4,PF,4,4,PF,4,4,PF,4,4,PF,4,4,PF,4,4,PF,4,4,PF,3,4,PF
Netherlands,1,1,F,1,1,F,1,1,F,1,1,F,1,1,F,1,1,F,1,1,F,1,1,F,1,1,F,1,1,F,1,1,F,1,1,F,1,1,F,1,1,F,1,1,F,1,1,F,1,1,F,1,1,F,1,1,F,1,1,F,1,1,F,1,1,F,1,1,F,1,1,F,1,1,F
New Zealand,1,1,F,1,1,F,1,1,F,1,1,F,1,1,F,1,1,F,1,1,F,1,1,F,1,1,F,1,1,F,1,1,F,1,1,F,1,1,F,1,1,F,1,1,F,1,1,F,1,1,F,1,1,F,1,1,F,1,1,F,1,1,F,1,1,F,1,1,F,1,1,F,1,1,F
Nicaragua,3,3,PF,3,3,PF,4,3,PF,4,5,PF,4,5,PF,4,4,PF,3,3,PF,3,3,PF,2,3,PF,3,3,PF,3,3,PF,3,3,PF,3,3,PF,3,3,PF,3,3,PF,3,3,PF,3,3,PF,3,3,PF,4,3,PF,4,4,PF,4,4,PF,5,4,PF,5,4,PF,4,3,PF,4,3,PF
Niger,6,5,NF,6,5,PF,5,4,PF,3,4,PF,3,5,PF,3,5,PF,7,5,NF,7,5,NF,7,5,NF,5,5,PF,4,4,PF,4,4,PF,4,4,PF,4,4,PF,3,3,PF,3,3,PF,3,3,PF,3,4,PF,3,4,PF,5,4,PF,5,4,PF,3,4,PF,3,4,PF,3,4,PF,3,4,PF
Nigeria,5,5,PF,5,4,PF,5,4,PF,7,5,NF,7,6,NF,7,7,NF,7,6,NF,7,6,NF,6,4,PF,4,3,PF,4,4,PF,4,5,PF,4,5,PF,4,4,PF,4,4,PF,4,4,PF,4,4,PF,4,4,PF,5,4,PF,5,4,PF,4,4,PF,4,4,PF,4,5,PF,4,5,PF,4,5,PF
North Korea,7,7,NF,7,7,NF,7,7,NF,7,7,NF,7,7,NF,7,7,NF,7,7,NF,7,7,NF,7,7,NF,7,7,NF,7,7,NF,7,7,NF,7,7,NF,7,7,NF,7,7,NF,7,7,NF,7,7,NF,7,7,NF,7,7,NF,7,7,NF,7,7,NF,7,7,NF,7,7,NF,7,7,NF,7,7,NF
Norway,1,1,F,1,1,F,1,1,F,1,1,F,1,1,F,1,1,F,1,1,F,1,1,F,1,1,F,1,1,F,1,1,F,1,1,F,1,1,F,1,1,F,1,1,F,1,1,F,1,1,F,1,1,F,1,1,F,1,1,F,1,1,F,1,1,F,1,1,F,1,1,F,1,1,F
Oman,6,6,NF,6,6,NF,6,5,PF,6,6,NF,6,6,NF,6,6,NF,6,6,NF,6,6,NF,6,6,NF,6,6,NF,6,5,NF,6,5,NF,6,5,NF,6,5,NF,6,5,NF,6,5,NF,6,5,NF,6,5,NF,6,5,NF,6,5,NF,6,5,NF,6,5,NF,6,5,NF,6,5,NF,6,5,NF
Pakistan,4,4,PF,4,5,PF,4,5,PF,3,5,PF,3,5,PF,3,5,PF,4,5,PF,4,5,PF,4,5,PF,7,5,NF,6,5,NF,6,5,NF,6,5,NF,6,5,NF,6,5,NF,6,5,NF,6,5,NF,6,5,NF,4,5,PF,4,5,PF,4,5,PF,4,5,PF,4,5,PF,4,5,PF,4,5,PF
Palau,..,..,..,..,..,..,..,..,..,..,..,..,1,2,F,1,2,F,1,2,F,1,2,F,1,2,F,1,2,F,1,2,F,1,2,F,1,2,F,1,1,F,1,1,F,1,1,F,1,1,F,1,1,F,1,1,F,1,1,F,1,1,F,1,1,F,1,1,F,1,1,F,1,1,F
Panama,4,2,PF,4,2,PF,4,3,PF,3,3,PF,2,3,F,2,3,F,2,3,F,2,3,F,2,3,F,1,2,F,1,2,F,1,2,F,1,2,F,1,2,F,1,2,F,1,2,F,1,2,F,1,2,F,1,2,F,1,2,F,1,2,F,1,2,F,1,2,F,2,2,F,2,2,F
Papua New Guinea,2,3,F,2,3,F,2,3,F,2,4,PF,2,4,PF,2,4,PF,2,4,PF,2,4,PF,2,3,F,2,3,F,2,3,F,2,3,F,2,3,F,3,3,PF,3,3,PF,3,3,PF,3,3,PF,3,3,PF,4,3,PF,4,3,PF,4,3,PF,4,3,PF,4,3,PF,3,3,PF,4,3,PF
Paraguay,4,3,PF,3,3,PF,3,3,PF,3,3,PF,4,3,PF,4,3,PF,4,3,PF,4,3,PF,4,3,PF,4,3,PF,4,3,PF,4,3,PF,4,3,PF,3,3,PF,3,3,PF,3,3,PF,3,3,PF,3,3,PF,3,3,PF,3,3,PF,3,3,PF,3,3,PF,3,3,PF,3,3,PF,3,3,PF
Peru,3,4,PF,3,5,PF,6,5,PF,5,5,PF,5,4,PF,5,4,PF,4,3,PF,5,4,PF,5,4,PF,5,4,PF,3,4,PF,1,3,F,2,3,F,2,3,F,2,3,F,2,3,F,2,3,F,2,3,F,2,3,F,2,3,F,2,3,F,2,3,F,2,3,F,2,3,F,2,3,F
Philippines,3,3,PF,3,3,PF,3,3,PF,3,4,PF,3,4,PF,2,4,PF,2,3,F,2,3,F,2,3,F,2,3,F,2,3,F,2,3,F,2,3,F,2,3,F,2,3,F,3,3,PF,3,3,PF,4,3,PF,4,3,PF,4,3,PF,3,3,PF,3,3,PF,3,3,PF,3,3,PF,3,3,PF
Poland,2,2,F,2,2,F,2,2,F,2,2,F,2,2,F,1,2,F,1,2,F,1,2,F,1,2,F,1,2,F,1,2,F,1,2,F,1,2,F,1,2,F,1,1,F,1,1,F,1,1,F,1,1,F,1,1,F,1,1,F,1,1,F,1,1,F,1,1,F,1,1,F,1,1,F
Portugal,1,2,F,1,1,F,1,1,F,1,1,F,1,1,F,1,1,F,1,1,F,1,1,F,1,1,F,1,1,F,1,1,F,1,1,F,1,1,F,1,1,F,1,1,F,1,1,F,1,1,F,1,1,F,1,1,F,1,1,F,1,1,F,1,1,F,1,1,F,1,1,F,1,1,F
Qatar,7,5,NF,7,5,NF,7,6,NF,7,6,NF,7,6,NF,7,6,NF,7,6,NF,7,6,NF,7,6,NF,6,6,NF,6,6,NF,6,6,NF,6,6,NF,6,6,NF,6,5,NF,6,5,NF,6,5,NF,6,5,NF,6,5,NF,6,5,NF,6,5,NF,6,5,NF,6,5,NF,6,5,NF,6,5,NF
Romania,6,5,NF,5,5,PF,4,4,PF,4,4,PF,4,3,PF,4,3,PF,2,3,F,2,2,F,2,2,F,2,2,F,2,2,F,2,2,F,2,2,F,2,2,F,3,2,F,2,2,F,2,2,F,2,2,F,2,2,F,2,2,F,2,2,F,2,2,F,2,2,F,2,2,F,2,2,F
Russia,..,..,..,3,3,PF,3,4,PF,3,4,PF,3,4,PF,3,4,PF,3,4,PF,3,4,PF,4,4,PF,4,5,PF,5,5,PF,5,5,PF,5,5,PF,5,5,PF,6,5,NF,6,5,NF,6,5,NF,6,5,NF,6,5,NF,6,5,NF,6,5,NF,6,5,NF,6,5,NF,6,5,NF,6,6,NF
Rwanda,6,6,NF,6,6,NF,6,5,NF,6,5,NF,7,7,NF,7,6,NF,7,6,NF,7,6,NF,7,6,NF,7,6,NF,7,6,NF,7,6,NF,7,5,NF,6,5,NF,6,5,NF,6,5,NF,6,5,NF,6,5,NF,6,5,NF,6,5,NF,6,5,NF,6,5,NF,6,6,NF,6,5,NF,6,6,NF
Saint Kitts and Nevis,1,1,F,1,1,F,1,1,F,1,1,F,2,2,F,1,2,F,1,2,F,1,2,F,1,2,F,1,2,F,1,2,F,1,2,F,1,2,F,1,2,F,1,2,F,1,1,F,1,1,F,1,1,F,1,1,F,1,1,F,1,1,F,1,1,F,1,1,F,1,1,F,1,1,F
Saint Lucia,1,2,F,1,2,F,1,2,F,1,2,F,1,2,F,1,2,F,1,2,F,1,2,F,1,2,F,1,2,F,1,2,F,1,2,F,1,2,F,1,2,F,1,2,F,1,1,F,1,1,F,1,1,F,1,1,F,1,1,F,1,1,F,1,1,F,1,1,F,1,1,F,1,1,F
Saint Vincent & Grenadines,1,2,F,1,2,F,1,2,F,1,1,F,2,1,F,2,1,F,2,1,F,2,1,F,2,1,F,2,1,F,2,1,F,2,1,F,2,1,F,2,1,F,2,1,F,2,1,F,2,1,F,2,1,F,2,1,F,2,1,F,1,1,F,1,1,F,1,1,F,1,1,F,1,1,F
Samoa,2,2,F,2,2,F,2,2,F,2,2,F,2,2,F,2,2,F,2,2,F,2,2,F,2,3,F,2,2,F,2,2,F,2,2,F,2,2,F,2,2,F,2,2,F,2,2,F,2,2,F,2,2,F,2,2,F,2,2,F,2,2,F,2,2,F,2,2,F,2,2,F,2,2,F
San Marino,..,..,..,..,..,..,1,1,F,1,1,F,1,1,F,1,1,F,1,1,F,1,1,F,1,1,F,1,1,F,1,1,F,1,1,F,1,1,F,1,1,F,1,1,F,1,1,F,1,1,F,1,1,F,1,1,F,1,1,F,1,1,F,1,1,F,1,1,F,1,1,F,1,1,F
Sao Tome & Principe,5,5,PF,2,3,F,2,3,F,1,2,F,1,2,F,1,2,F,1,2,F,1,2,F,1,2,F,1,2,F,1,2,F,1,2,F,1,2,F,2,2,F,2,2,F,2,2,F,2,2,F,2,2,F,2,2,F,2,2,F,2,2,F,2,2,F,2,2,F,2,2,F,2,2,F
Saudi Arabia,7,6,NF,7,6,NF,7,7,NF,7,7,NF,7,7,NF,7,7,NF,7,7,NF,7,7,NF,7,7,NF,7,7,NF,7,7,NF,7,7,NF,7,7,NF,7,7,NF,7,7,NF,7,6,NF,7,6,NF,7,6,NF,7,6,NF,7,6,NF,7,6,NF,7,7,NF,7,7,NF,7,7,NF,7,7,NF
Senegal,4,3,PF,4,3,PF,4,3,PF,4,5,PF,4,5,PF,4,5,PF,4,4,PF,4,4,PF,4,4,PF,4,4,PF,3,4,PF,3,4,PF,2,3,F,2,3,F,2,3,F,2,3,F,2,3,F,2,3,F,3,3,PF,3,3,PF,3,3,PF,3,3,PF,2,3,F,2,2,F,2,2,F
Serbia,..,..,..,..,..,..,..,..,..,..,..,..,..,..,..,..,..,..,..,..,..,..,..,..,..,..,..,..,..,..,..,..,..,..,..,..,..,..,..,..,..,..,..,..,..,..,..,..,3,2,F,3,2,F,3,2,F,2,2,F,2,2,F,2,2,F,2,2,F,2,2,F,2,2,F
Seychelles,6,6,NF,6,6,NF,6,4,PF,3,4,PF,3,4,PF,3,3,PF,3,3,PF,3,3,PF,3,3,PF,3,3,PF,3,3,PF,3,3,PF,3,3,PF,3,3,PF,3,3,PF,3,3,PF,3,3,PF,3,3,PF,3,3,PF,3,3,PF,3,3,PF,3,3,PF,3,3,PF,3,3,PF,3,3,PF
Sierra Leone,6,5,PF,6,5,PF,7,6,NF,7,6,NF,7,6,NF,7,6,NF,4,5,PF,7,6,NF,3,5,PF,3,5,PF,4,5,PF,4,5,PF,4,4,PF,4,3,PF,4,3,PF,4,3,PF,4,3,PF,3,3,PF,3,3,PF,3,3,PF,3,3,PF,3,3,PF,2,3,F,3,3,PF,3,3,PF
Singapore,4,4,PF,4,4,PF,4,5,PF,5,5,PF,5,5,PF,5,5,PF,4,5,PF,5,5,PF,5,5,PF,5,5,PF,5,5,PF,5,5,PF,5,4,PF,5,4,PF,5,4,PF,5,4,PF,5,4,PF,5,4,PF,5,4,PF,5,4,PF,5,4,PF,4,4,PF,4,4,PF,4,4,PF,4,4,PF
Slovakia,..,..,..,..,..,..,..,..,..,3,4,PF,2,3,F,2,3,F,2,4,PF,2,4,PF,2,2,F,1,2,F,1,2,F,1,2,F,1,2,F,1,2,F,1,1,F,1,1,F,1,1,F,1,1,F,1,1,F,1,1,F,1,1,F,1,1,F,1,1,F,1,1,F,1,1,F
Slovenia,..,..,..,2,3,F,2,2,F,1,2,F,1,2,F,1,2,F,1,2,F,1,2,F,1,2,F,1,2,F,1,2,F,1,2,F,1,1,F,1,1,F,1,1,F,1,1,F,1,1,F,1,1,F,1,1,F,1,1,F,1,1,F,1,1,F,1,1,F,1,1,F,1,1,F
Solomon Islands,1,1,F,1,1,F,1,1,F,1,2,F,1,2,F,1,2,F,1,2,F,1,2,F,1,2,F,1,2,F,4,4,PF,4,4,PF,3,3,PF,3,3,PF,3,3,PF,3,3,PF,4,3,PF,4,3,PF,4,3,PF,4,3,PF,4,3,PF,4,3,PF,4,3,PF,4,3,PF,3,3,PF
Somalia,7,7,NF,7,7,NF,7,7,NF,7,7,NF,7,7,NF,7,7,NF,7,7,NF,7,7,NF,7,7,NF,7,7,NF,6,7,NF,6,7,NF,6,7,NF,6,7,NF,6,7,NF,6,7,NF,7,7,NF,7,7,NF,7,7,NF,7,7,NF,7,7,NF,7,7,NF,7,7,NF,7,7,NF,7,7,NF
South Africa,5,4,PF,5,4,PF,5,4,PF,5,4,PF,2,3,F,1,2,F,1,2,F,1,2,F,1,2,F,1,2,F,1,2,F,1,2,F,1,2,F,1,2,F,1,2,F,1,2,F,2,2,F,2,2,F,2,2,F,2,2,F,2,2,F,2,2,F,2,2,F,2,2,F,2,2,F
South Korea,2,3,F,2,3,F,2,3,F,2,2,F,2,2,F,2,2,F,2,2,F,2,2,F,2,2,F,2,2,F,2,2,F,2,2,F,2,2,F,2,2,F,1,2,F,1,2,F,1,2,F,1,2,F,1,2,F,1,2,F,1,2,F,1,2,F,1,2,F,2,2,F,2,2,F
South Sudan,..,..,..,..,..,..,..,..,..,..,..,..,..,..,..,..,..,..,..,..,..,..,..,..,..,..,..,..,..,..,..,..,..,..,..,..,..,..,..,..,..,..,..,..,..,..,..,..,..,..,..,..,..,..,..,..,..,..,..,..,..,..,..,6,5,NF,6,5,NF,6,6,NF,7,6,NF
Spain,1,1,F,1,1,F,1,1,F,1,2,F,1,2,F,1,2,F,1,2,F,1,2,F,1,2,F,1,2,F,1,2,F,1,2,F,1,1,F,1,1,F,1,1,F,1,1,F,1,1,F,1,1,F,1,1,F,1,1,F,1,1,F,1,1,F,1,1,F,1,1,F,1,1,F
Sri Lanka,4,5,PF,4,5,PF,4,5,PF,4,5,PF,4,5,PF,4,5,PF,3,5,PF,3,4,PF,3,4,PF,3,4,PF,3,4,PF,3,4,PF,3,4,PF,3,3,PF,3,3,PF,3,3,PF,4,4,PF,4,4,PF,4,4,PF,4,4,PF,5,4,PF,5,4,PF,5,4,PF,5,4,PF,5,5,PF
Sudan,7,7,NF,7,7,NF,7,7,NF,7,7,NF,7,7,NF,7,7,NF,7,7,NF,7,7,NF,7,7,NF,7,7,NF,7,7,NF,7,7,NF,7,7,NF,7,7,NF,7,7,NF,7,7,NF,7,7,NF,7,7,NF,7,7,NF,7,7,NF,7,7,NF,7,7,NF,7,7,NF,7,7,NF,7,7,NF
Suriname,6,4,PF,4,4,PF,3,3,PF,3,3,PF,3,3,PF,3,3,PF,3,3,PF,3,3,PF,3,3,PF,3,3,PF,1,2,F,1,2,F,1,2,F,1,2,F,1,2,F,2,2,F,2,2,F,2,2,F,2,2,F,2,2,F,2,2,F,2,2,F,2,2,F,2,2,F,2,2,F
Swaziland,6,5,PF,6,5,PF,6,5,PF,6,5,NF,6,5,NF,6,5,NF,6,5,NF,6,5,NF,6,4,NF,6,5,NF,6,5,NF,6,5,NF,6,5,NF,7,5,NF,7,5,NF,7,5,NF,7,5,NF,7,5,NF,7,5,NF,7,5,NF,7,5,NF,7,5,NF,7,5,NF,7,5,NF,7,5,NF
Sweden,1,1,F,1,1,F,1,1,F,1,1,F,1,1,F,1,1,F,1,1,F,1,1,F,1,1,F,1,1,F,1,1,F,1,1,F,1,1,F,1,1,F,1,1,F,1,1,F,1,1,F,1,1,F,1,1,F,1,1,F,1,1,F,1,1,F,1,1,F,1,1,F,1,1,F
Switzerland,1,1,F,1,1,F,1,1,F,1,1,F,1,1,F,1,1,F,1,1,F,1,1,F,1,1,F,1,1,F,1,1,F,1,1,F,1,1,F,1,1,F,1,1,F,1,1,F,1,1,F,1,1,F,1,1,F,1,1,F,1,1,F,1,1,F,1,1,F,1,1,F,1,1,F
Syria,7,7,NF,7,7,NF,7,7,NF,7,7,NF,7,7,NF,7,7,NF,7,7,NF,7,7,NF,7,7,NF,7,7,NF,7,7,NF,7,7,NF,7,7,NF,7,7,NF,7,7,NF,7,7,NF,7,6,NF,7,6,NF,7,6,NF,7,6,NF,7,6,NF,7,7,NF,7,7,NF,7,7,NF,7,7,NF
Taiwan,3,3,PF,3,3,PF,3,3,PF,4,4,PF,3,3,PF,3,3,PF,2,2,F,2,2,F,2,2,F,2,2,F,1,2,F,1,2,F,2,2,F,2,2,F,2,1,F,1,1,F,2,1,F,2,1,F,2,1,F,1,2,F,1,2,F,1,2,F,1,2,F,1,2,F,1,2,F
Tajikistan,..,..,..,5,5,PF,6,6,NF,7,7,NF,7,7,NF,7,7,NF,7,7,NF,6,6,NF,6,6,NF,6,6,NF,6,6,NF,6,6,NF,6,5,NF,6,5,NF,6,5,NF,6,5,NF,6,5,NF,6,5,NF,6,5,NF,6,5,NF,6,5,NF,6,5,NF,6,6,NF,6,6,NF,6,6,NF
Tanzania,6,5,NF,6,5,NF,6,5,PF,6,5,NF,6,6,NF,5,5,PF,5,5,PF,5,5,PF,5,4,PF,4,4,PF,4,4,PF,4,4,PF,4,3,PF,4,3,PF,4,3,PF,4,3,PF,4,3,PF,4,3,PF,4,3,PF,4,3,PF,3,3,PF,3,3,PF,3,3,PF,3,3,PF,3,3,PF
Thailand,2,3,F,6,4,PF,3,4,PF,3,5,PF,3,5,PF,3,4,PF,3,3,PF,3,3,PF,2,3,F,2,3,F,2,3,F,2,3,F,2,3,F,2,3,F,2,3,F,3,3,PF,7,4,NF,6,4,PF,5,4,PF,5,4,PF,5,4,PF,4,4,PF,4,4,PF,4,4,PF,6,5,NF
Togo,6,6,NF,6,5,NF,6,5,NF,7,5,NF,6,5,NF,6,5,NF,6,5,NF,6,5,NF,6,5,NF,5,5,PF,5,5,PF,5,5,PF,6,5,NF,6,5,NF,6,5,NF,6,5,NF,6,5,NF,5,5,PF,5,5,PF,5,4,PF,5,4,PF,5,4,PF,5,4,PF,4,4,PF,4,4,PF
Tonga,3,3,PF,3,3,PF,3,3,PF,5,3,PF,5,3,PF,5,3,PF,5,3,PF,5,3,PF,5,3,PF,5,3,PF,5,3,PF,5,3,PF,5,3,PF,5,3,PF,5,3,PF,5,3,PF,5,3,PF,5,3,PF,5,3,PF,5,3,PF,3,3,PF,3,3,PF,3,2,F,2,2,F,2,2,F
Trinidad & Tobago,1,1,F,1,1,F,1,1,F,1,1,F,1,2,F,1,2,F,1,2,F,1,2,F,1,2,F,1,2,F,2,2,F,3,3,PF,3,3,PF,3,3,PF,3,3,PF,3,2,F,2,2,F,2,2,F,2,2,F,2,2,F,2,2,F,2,2,F,2,2,F,2,2,F,2,2,F
Tunisia,5,4,PF,5,5,PF,6,5,PF,6,5,NF,6,5,NF,6,5,NF,6,5,NF,6,5,PF,6,5,NF,6,5,NF,6,5,NF,6,5,NF,6,5,NF,6,5,NF,6,5,NF,6,5,NF,6,5,NF,7,5,NF,7,5,NF,7,5,NF,7,5,NF,3,4,PF,3,4,PF,3,3,PF,1,3,F
Turkey,2,4,PF,2,4,PF,2,4,PF,4,4,PF,5,5,PF,5,5,PF,4,5,PF,4,5,PF,4,5,PF,4,5,PF,4,5,PF,4,5,PF,3,4,PF,3,4,PF,3,3,PF,3,3,PF,3,3,PF,3,3,PF,3,3,PF,3,3,PF,3,3,PF,3,3,PF,3,4,PF,3,4,PF,3,4,PF
Turkmenistan,..,..,..,6,5,PF,7,6,NF,7,7,NF,7,7,NF,7,7,NF,7,7,NF,7,7,NF,7,7,NF,7,7,NF,7,7,NF,7,7,NF,7,7,NF,7,7,NF,7,7,NF,7,7,NF,7,7,NF,7,7,NF,7,7,NF,7,7,NF,7,7,NF,7,7,NF,7,7,NF,7,7,NF,7,7,NF
Tuvalu,1,1,F,1,1,F,1,1,F,1,1,F,1,1,F,1,1,F,1,1,F,1,1,F,1,1,F,1,1,F,1,1,F,1,1,F,1,1,F,1,1,F,1,1,F,1,1,F,1,1,F,1,1,F,1,1,F,1,1,F,1,1,F,1,1,F,1,1,F,1,1,F,1,1,F
Uganda,6,5,PF,6,6,NF,6,5,NF,6,5,NF,5,5,PF,5,4,PF,4,4,PF,4,4,PF,4,4,PF,5,5,PF,6,5,PF,6,5,PF,6,4,PF,5,4,PF,5,4,PF,5,4,PF,5,4,PF,5,4,PF,5,4,PF,5,4,PF,5,4,PF,5,4,PF,5,4,PF,6,4,PF,6,5,NF
Ukraine,..,..,..,3,3,PF,3,3,PF,4,4,PF,3,4,PF,3,4,PF,3,4,PF,3,4,PF,3,4,PF,3,4,PF,4,4,PF,4,4,PF,4,4,PF,4,4,PF,4,3,PF,3,2,F,3,2,F,3,2,F,3,2,F,3,2,F,3,3,PF,4,3,PF,4,3,PF,4,3,PF,3,3,PF
United Arab Emirates,6,5,NF,6,5,NF,6,5,PF,7,5,NF,6,5,NF,6,5,NF,6,5,NF,6,5,NF,6,5,NF,6,5,NF,6,5,NF,6,5,NF,6,5,NF,6,6,NF,6,6,NF,6,6,NF,6,5,NF,6,5,NF,6,5,NF,6,5,NF,6,5,NF,6,6,NF,6,6,NF,6,6,NF,6,6,NF
United Kingdom,1,2,F,1,2,F,1,2,F,1,2,F,1,2,F,1,2,F,1,2,F,1,2,F,1,2,F,1,2,F,1,2,F,1,2,F,1,1,F,1,1,F,1,1,F,1,1,F,1,1,F,1,1,F,1,1,F,1,1,F,1,1,F,1,1,F,1,1,F,1,1,F,1,1,F
United States,1,1,F,1,1,F,1,1,F,1,1,F,1,1,F,1,1,F,1,1,F,1,1,F,1,1,F,1,1,F,1,1,F,1,1,F,1,1,F,1,1,F,1,1,F,1,1,F,1,1,F,1,1,F,1,1,F,1,1,F,1,1,F,1,1,F,1,1,F,1,1,F,1,1,F
Uruguay,1,2,F,1,2,F,1,2,F,2,2,F,2,2,F,2,2,F,1,2,F,1,2,F,1,2,F,1,2,F,1,1,F,1,1,F,1,1,F,1,1,F,1,1,F,1,1,F,1,1,F,1,1,F,1,1,F,1,1,F,1,1,F,1,1,F,1,1,F,1,1,F,1,1,F
USSR,5,4,PF,..,..,..,..,..,..,..,..,..,..,..,..,..,..,..,..,..,..,..,..,..,..,..,..,..,..,..,..,..,..,..,..,..,..,..,..,..,..,..,..,..,..,..,..,..,..,..,..,..,..,..,..,..,..,..,..,..,..,..,..,..,..,..,..,..,..,..,..,..,..,..,..
Uzbekistan,..,..,..,6,5,PF,6,6,NF,7,7,NF,7,7,NF,7,7,NF,7,6,NF,7,6,NF,7,6,NF,7,6,NF,7,6,NF,7,6,NF,7,6,NF,7,6,NF,7,6,NF,7,7,NF,7,7,NF,7,7,NF,7,7,NF,7,7,NF,7,7,NF,7,7,NF,7,7,NF,7,7,NF,7,7,NF
Vanuatu,2,3,F,2,3,F,2,3,F,1,2,F,1,3,F,1,3,F,1,3,F,1,3,F,1,3,F,1,3,F,1,3,F,1,3,F,1,2,F,2,2,F,2,2,F,2,2,F,2,2,F,2,2,F,2,2,F,2,2,F,2,2,F,2,2,F,2,2,F,2,2,F,2,2,F
Venezuela,1,3,F,1,3,F,3,3,PF,3,3,PF,3,3,PF,3,3,PF,2,3,F,2,3,F,2,3,F,4,4,PF,3,5,PF,3,5,PF,3,4,PF,3,4,PF,3,4,PF,4,4,PF,4,4,PF,4,4,PF,4,4,PF,5,4,PF,5,5,PF,5,5,PF,5,5,PF,5,5,PF,5,5,PF
Vietnam,7,7,NF,7,7,NF,7,7,NF,7,7,NF,7,7,NF,7,7,NF,7,7,NF,7,7,NF,7,7,NF,7,7,NF,7,6,NF,7,6,NF,7,6,NF,7,6,NF,7,6,NF,7,5,NF,7,5,NF,7,5,NF,7,5,NF,7,5,NF,7,5,NF,7,5,NF,7,5,NF,7,5,NF,7,5,NF
"Vietnam, N.",..,..,..,..,..,..,..,..,..,..,..,..,..,..,..,..,..,..,..,..,..,..,..,..,..,..,..,..,..,..,..,..,..,..,..,..,..,..,..,..,..,..,..,..,..,..,..,..,..,..,..,..,..,..,..,..,..,..,..,..,..,..,..,..,..,..,..,..,..,..,..,..,..,..,..
"Vietnam, S.",..,..,..,..,..,..,..,..,..,..,..,..,..,..,..,..,..,..,..,..,..,..,..,..,..,..,..,..,..,..,..,..,..,..,..,..,..,..,..,..,..,..,..,..,..,..,..,..,..,..,..,..,..,..,..,..,..,..,..,..,..,..,..,..,..,..,..,..,..,..,..,..,..,..,..
Yemen,6,5,PF,6,5,PF,6,4,PF,4,5,PF,5,6,NF,5,6,NF,5,6,NF,5,6,NF,5,6,NF,5,6,NF,5,6,NF,6,6,NF,6,5,NF,5,5,PF,5,5,PF,5,5,PF,5,5,PF,5,5,PF,5,5,PF,6,5,NF,6,5,NF,6,6,NF,6,6,NF,6,6,NF,6,6,NF
"Yemen, N.",..,..,..,..,..,..,..,..,..,..,..,..,..,..,..,..,..,..,..,..,..,..,..,..,..,..,..,..,..,..,..,..,..,..,..,..,..,..,..,..,..,..,..,..,..,..,..,..,..,..,..,..,..,..,..,..,..,..,..,..,..,..,..,..,..,..,..,..,..,..,..,..,..,..,..
"Yemen, S.",..,..,..,..,..,..,..,..,..,..,..,..,..,..,..,..,..,..,..,..,..,..,..,..,..,..,..,..,..,..,..,..,..,..,..,..,..,..,..,..,..,..,..,..,..,..,..,..,..,..,..,..,..,..,..,..,..,..,..,..,..,..,..,..,..,..,..,..,..,..,..,..,..,..,..
Yugoslavia,5,4,PF,6,5,NF,,,,,,,,,,,,,,,,,,,,,,,,,,,,,,,,,,..,..,..,..,..,..,..,..,..,..,..,..,..,..,..,..,..,..,..,..,..,..,..,..,..,..,..,..,..,..,..,..,..,..,..,..
Yugoslavia (Serbia & Montenegro),..,..,..,..,..,..,6,5,PF,6,6,NF,6,6,NF,6,6,NF,6,6,NF,6,6,NF,6,6,NF,5,5,PF,4,4,PF,3,3,PF,3,2,F,3,2,F,3,2,F,3,2,F,..,..,..,..,..,..,..,..,..,..,..,..,..,..,..,..,..,..,..,..,..,..,..,..,..,..,..
Zambia,6,5,PF,2,3,F,2,3,F,3,4,PF,3,4,PF,3,4,PF,5,4,PF,5,4,PF,5,4,PF,5,4,PF,5,4,PF,5,4,PF,4,4,PF,4,4,PF,4,4,PF,4,4,PF,3,4,PF,3,4,PF,3,3,PF,3,4,PF,3,4,PF,3,4,PF,3,4,PF,3,4,PF,3,4,PF
Zimbabwe,6,4,PF,5,4,PF,5,4,PF,5,5,PF,5,5,PF,5,5,PF,5,5,PF,5,5,PF,5,5,PF,6,5,PF,6,5,PF,6,6,NF,6,6,NF,6,6,NF,7,6,NF,7,6,NF,7,6,NF,7,6,NF,7,6,NF,6,6,NF,6,6,NF,6,6,NF,6,6,NF,5,6,NF,5,6,NF
